id,item,material,color_family,color_depth,weight_g,soil_level,is_new,wash_code,spin_code,dry_code,weight_source
C01,면 티셔츠,면,흰,연함,150,2,0,W60,SPIN_NORMAL,TUMBLE_LOW,
C02,면 티셔츠,면,흰,연함,150,3,0,W60,SPIN_NORMAL,TUMBLE_LOW,
C03,면 티셔츠,면,검정,진함,155,2,0,W40,SPIN_NORMAL,HANG,
C04,면 티셔츠,면,빨강,진함,155,2,1,W30_MILD,SPIN_MILD,HANG_SHADE,
C05,면 티셔츠,면,파랑,진함,150,3,0,W40,SPIN_NORMAL,HANG,
C06,반팔 셔츠,혼방,흰,연함,200,2,0,W40,SPIN_MILD,HANG,
C07,긴팔 셔츠,면,흰,연함,220,3,0,W40,SPIN_MILD,HANG,
C08,긴팔 셔츠,면,파랑,중간,220,2,0,W40,SPIN_MILD,HANG,
C09,정장 셔츠,혼방,흰,연함,210,1,0,W30_MILD,SPIN_MILD,HANG,
C10,청바지,면,파랑,진함,650,3,1,W30_MILD,SPIN_MILD,HANG_SHADE,
C11,청바지,면,파랑,진함,620,4,0,W40,SPIN_NORMAL,HANG,
C12,면바지,면,검정,진함,450,3,0,W40,SPIN_NORMAL,HANG,
C13,면바지,면,베이지,연함,430,2,0,W40,SPIN_NORMAL,HANG,
C14,반바지,면,검정,진함,250,3,0,W40,SPIN_NORMAL,HANG,
C15,후드 티셔츠,혼방,회색,중간,550,3,0,W40,SPIN_NORMAL,FLAT,
C16,후드 티셔츠,혼방,검정,진함,570,2,0,W40,SPIN_NORMAL,FLAT,
C17,맨투맨,혼방,남색,진함,480,3,0,W40,SPIN_NORMAL,FLAT,
C18,울 스웨터,울,회색,중간,400,1,0,HAND,SPIN_NO,FLAT_SHADE,
C19,울 스웨터,울,빨강,진함,420,1,1,HAND,SPIN_NO,FLAT_SHADE,
C20,니트 가디건,울,베이지,연함,380,1,0,HAND,SPIN_NO,FLAT_SHADE,
C21,니트 조끼,울,남색,진함,300,1,0,NO_WASH,SPIN_NO,FLAT_SHADE,
C22,운동복 상의,합성,검정,진함,180,4,0,W40,SPIN_NORMAL,HANG,
C23,운동복 상의,합성,흰,연함,175,4,0,W40,SPIN_NORMAL,HANG,
C24,운동복 하의,합성,검정,진함,260,4,0,W40,SPIN_NORMAL,HANG,
C25,기능성 티셔츠,합성,파랑,중간,140,5,0,W30_MILD,SPIN_MILD,HANG_SHADE,
C26,바람막이,합성,남색,진함,350,2,0,W30_MILD,SPIN_MILD,HANG_SHADE,
C27,잠옷 상의,면,회색,연함,180,2,0,W40,SPIN_NORMAL,HANG,
C28,잠옷 하의,면,회색,연함,200,2,0,W40,SPIN_NORMAL,HANG,
C29,속옷,면,흰,연함,60,3,0,W60,SPIN_NORMAL,HANG,
C30,속옷,면,흰,연함,60,3,0,W60,SPIN_NORMAL,HANG,
C31,속옷,면,회색,중간,60,3,0,W40,SPIN_NORMAL,HANG,
C32,양말,혼방,흰,연함,50,4,0,W60,SPIN_NORMAL,HANG,
C33,양말,혼방,검정,진함,50,4,0,W40,SPIN_NORMAL,HANG,
C34,양말,혼방,검정,진함,50,5,0,W40,SPIN_NORMAL,HANG,
C35,수건 (중),면,흰,연함,250,3,0,W95,SPIN_NORMAL,TUMBLE_NORMAL,
C36,수건 (중),면,흰,연함,250,3,0,W95,SPIN_NORMAL,TUMBLE_NORMAL,
C37,수건 (중),면,파랑,중간,255,3,0,W60,SPIN_NORMAL,TUMBLE_NORMAL,
C38,목욕 수건,면,흰,연함,500,3,0,W95,SPIN_NORMAL,TUMBLE_NORMAL,
C39,베갯잇,면,흰,연함,150,2,0,W60,SPIN_NORMAL,TUMBLE_LOW,
C40,이불 커버,면,흰,연함,900,2,0,W60,SPIN_NORMAL,TUMBLE_LOW,
C41,에코백,면,베이지,연함,180,2,0,W40,SPIN_NORMAL,HANG,
C42,모자,면,검정,진함,100,3,0,HAND,SPIN_NO,FLAT_SHADE,
