category,code,label,max_temp_c,spin_level,dry_method,source,verify
wash,W95,물세탁 95도 (삶기 가능),95,,,KS K 0021 원문,확인필요
wash,W60,물세탁 60도,60,,,ISO 3758,참고
wash,W50,물세탁 50도,50,,,ISO 3758,참고
wash,W40,물세탁 40도,40,,,ISO 3758,참고
wash,W40_MILD,물세탁 40도 약하게 (밑줄 1개),40,,,ISO 3758 + 보조기호,참고
wash,W30,물세탁 30도,30,,,ISO 3758,참고
wash,W30_MILD,물세탁 30도 약하게 (밑줄 1개),30,,,ISO 3758 + 보조기호,참고
wash,HAND,"손세탁 (미지근한 물, 비틀지 않기)",30,,,ISO 3758(손세탁 40도 이하),확인필요
wash,NO_WASH,물세탁 불가 (X) - 드라이클리닝만,,,,보조기호 X=금지,참고
spin,SPIN_NORMAL,탈수 가능 (일반),,일반,,namu.wiki,참고
spin,SPIN_MILD,약하게 탈수 (밑줄 1개),,약하게,,보조기호 밑줄1,참고
spin,SPIN_NO,짜지 말 것 / 탈수 금지 (X),,금지,,보조기호 X=금지,참고
dry,TUMBLE_NORMAL,기계건조 가능 (일반 온도),,,기계건조,ISO 3758,참고
dry,TUMBLE_LOW,기계건조 저온,,,기계건조(저온),ISO 3758,참고
dry,TUMBLE_NO,기계건조 불가 (X),,,자연건조만,보조기호 X=금지,참고
dry,HANG,옷걸이에 걸어 자연건조,,,옷걸이,ISO 3758,참고
dry,HANG_SHADE,옷걸이 + 그늘에서 건조,,,옷걸이(그늘),ISO 3758,참고
dry,FLAT,평평하게 눕혀 자연건조,,,평평하게,ISO 3758,참고
dry,FLAT_SHADE,평평하게 + 그늘에서 건조,,,평평하게(그늘),ISO 3758,참고
